rating,probability
1,0.01839
2,0.07060
3,0.14482
4,0.23491
5,0.25630
6,0.19378
7,0.07597
8,0.00503
9,0.00018
10,0.00004
